id_centro,coord_x,coord_y
1, 40.406215, -3.690616 
2, 40.473556, -3.681687 
3, 40.434069, -3.718529 
