id_centro;coord_x;coord_y
C1;40.406215;-3.690616
C2;40.473556;-3.681687
C3;40.434069;-3.718529
