id_pos;coord_x;coord_y
P1;40.447637;-3.678769
P2;40.456263;-3.700925
P3;40.425025;-3.676641
P4;40.408250;-3.709690
P5;40.437860;-3.694851
P6;40.450008;-3.704743
P7;40.427421;-3.664051
P8;40.397807;-3.694851
P9;40.445559;-3.695975
P10;40.391335;-3.688836
P11;40.412499;-3.720243
